<?xml version="1.0" encoding="UTF-8"?>
<GenRun Id="impl_1" LaunchPart="xc7a100tcsg324-1" LaunchTime="1607078300">
  <File Type="BITSTR-BMM" Name="l83_bd.bmm"/>
  <File Type="OPT-METHODOLOGY-DRC" Name="l83_methodology_drc_opted.rpt"/>
  <File Type="INIT-TIMING" Name="l83_timing_summary_init.rpt"/>
  <File Type="ROUTE-PWR" Name="l83_power_routed.rpt"/>
  <File Type="PA-TCL" Name="l83.tcl"/>
  <File Type="OPT-TIMING" Name="l83_timing_summary_opted.rpt"/>
  <File Type="OPT-DCP" Name="l83_opt.dcp"/>
  <File Type="ROUTE-PWR-SUM" Name="l83_power_summary_routed.pb"/>
  <File Type="REPORTS-TCL" Name="l83_reports.tcl"/>
  <File Type="OPT-DRC" Name="l83_drc_opted.rpt"/>
  <File Type="OPT-HWDEF" Name="l83.hwdef"/>
  <File Type="PWROPT-DCP" Name="l83_pwropt.dcp"/>
  <File Type="PWROPT-DRC" Name="l83_drc_pwropted.rpt"/>
  <File Type="PWROPT-TIMING" Name="l83_timing_summary_pwropted.rpt"/>
  <File Type="PLACE-DCP" Name="l83_placed.dcp"/>
  <File Type="PLACE-IO" Name="l83_io_placed.rpt"/>
  <File Type="PLACE-CLK" Name="l83_clock_utilization_placed.rpt"/>
  <File Type="PLACE-UTIL" Name="l83_utilization_placed.rpt"/>
  <File Type="PLACE-UTIL-PB" Name="l83_utilization_placed.pb"/>
  <File Type="PLACE-CTRL" Name="l83_control_sets_placed.rpt"/>
  <File Type="PLACE-SIMILARITY" Name="l83_incremental_reuse_placed.rpt"/>
  <File Type="PLACE-PRE-SIMILARITY" Name="l83_incremental_reuse_pre_placed.rpt"/>
  <File Type="BG-BGN" Name="l83.bgn"/>
  <File Type="PLACE-TIMING" Name="l83_timing_summary_placed.rpt"/>
  <File Type="POSTPLACE-PWROPT-DCP" Name="l83_postplace_pwropt.dcp"/>
  <File Type="BG-BIN" Name="l83.bin"/>
  <File Type="POSTPLACE-PWROPT-TIMING" Name="l83_timing_summary_postplace_pwropted.rpt"/>
  <File Type="PHYSOPT-DCP" Name="l83_physopt.dcp"/>
  <File Type="PHYSOPT-DRC" Name="l83_drc_physopted.rpt"/>
  <File Type="BITSTR-MSK" Name="l83.msk"/>
  <File Type="PHYSOPT-TIMING" Name="l83_timing_summary_physopted.rpt"/>
  <File Type="ROUTE-ERROR-DCP" Name="l83_routed_error.dcp"/>
  <File Type="ROUTE-DCP" Name="l83_routed.dcp"/>
  <File Type="ROUTE-BLACKBOX-DCP" Name="l83_routed_bb.dcp"/>
  <File Type="ROUTE-DRC" Name="l83_drc_routed.rpt"/>
  <File Type="ROUTE-DRC-PB" Name="l83_drc_routed.pb"/>
  <File Type="BITSTR-LTX" Name="debug_nets.ltx"/>
  <File Type="BITSTR-LTX" Name="l83.ltx"/>
  <File Type="ROUTE-DRC-RPX" Name="l83_drc_routed.rpx"/>
  <File Type="BITSTR-MMI" Name="l83.mmi"/>
  <File Type="ROUTE-METHODOLOGY-DRC" Name="l83_methodology_drc_routed.rpt"/>
  <File Type="ROUTE-METHODOLOGY-DRC-RPX" Name="l83_methodology_drc_routed.rpx"/>
  <File Type="BITSTR-SYSDEF" Name="l83.sysdef"/>
  <File Type="ROUTE-METHODOLOGY-DRC-PB" Name="l83_methodology_drc_routed.pb"/>
  <File Type="ROUTE-PWR-RPX" Name="l83_power_routed.rpx"/>
  <File Type="ROUTE-STATUS" Name="l83_route_status.rpt"/>
  <File Type="ROUTE-STATUS-PB" Name="l83_route_status.pb"/>
  <File Type="ROUTE-TIMINGSUMMARY" Name="l83_timing_summary_routed.rpt"/>
  <File Type="ROUTE-TIMING-PB" Name="l83_timing_summary_routed.pb"/>
  <File Type="ROUTE-TIMING-RPX" Name="l83_timing_summary_routed.rpx"/>
  <File Type="ROUTE-SIMILARITY" Name="l83_incremental_reuse_routed.rpt"/>
  <File Type="ROUTE-CLK" Name="l83_clock_utilization_routed.rpt"/>
  <File Type="ROUTE-BUS-SKEW" Name="l83_bus_skew_routed.rpt"/>
  <File Type="ROUTE-BUS-SKEW-PB" Name="l83_bus_skew_routed.pb"/>
  <File Type="ROUTE-BUS-SKEW-RPX" Name="l83_bus_skew_routed.rpx"/>
  <File Type="POSTROUTE-PHYSOPT-DCP" Name="l83_postroute_physopt.dcp"/>
  <File Type="POSTROUTE-PHYSOPT-BLACKBOX-DCP" Name="l83_postroute_physopt_bb.dcp"/>
  <File Type="POSTROUTE-PHYSOPT-TIMING" Name="l83_timing_summary_postroute_physopted.rpt"/>
  <File Type="POSTROUTE-PHYSOPT-TIMING-PB" Name="l83_timing_summary_postroute_physopted.pb"/>
  <File Type="POSTROUTE-PHYSOPT-TIMING-RPX" Name="l83_timing_summary_postroute_physopted.rpx"/>
  <File Type="POSTROUTE-PHYSOPT-BUS-SKEW" Name="l83_bus_skew_postroute_physopted.rpt"/>
  <File Type="POSTROUTE-PHYSOPT-BUS-SKEW-PB" Name="l83_bus_skew_postroute_physopted.pb"/>
  <File Type="BG-BIT" Name="l83.bit"/>
  <File Type="POSTROUTE-PHYSOPT-BUS-SKEW-RPX" Name="l83_bus_skew_postroute_physopted.rpx"/>
  <File Type="BITSTR-RBT" Name="l83.rbt"/>
  <File Type="BITSTR-NKY" Name="l83.nky"/>
  <File Type="BG-DRC" Name="l83.drc"/>
  <File Type="RDI-RDI" Name="l83.vdi"/>
  <File Type="WBT-USG" Name="usage_statistics_webtalk.html"/>
  <FileSet Name="sources" Type="DesignSrcs" RelSrcDir="$PSRCDIR/sources_1">
    <Filter Type="Srcs"/>
    <File Path="$PSRCDIR/sources_1/new/l83.v">
      <FileInfo>
        <Attr Name="UsedIn" Val="synthesis"/>
        <Attr Name="UsedIn" Val="implementation"/>
        <Attr Name="UsedIn" Val="simulation"/>
      </FileInfo>
    </File>
    <Config>
      <Option Name="DesignMode" Val="RTL"/>
      <Option Name="TopModule" Val="l83"/>
      <Option Name="TopAutoSet" Val="TRUE"/>
    </Config>
  </FileSet>
  <FileSet Name="constrs_in" Type="Constrs" RelSrcDir="$PSRCDIR/constrs_1">
    <Filter Type="Constrs"/>
    <File Path="$PSRCDIR/constrs_1/new/l83.xdc">
      <FileInfo>
        <Attr Name="UsedIn" Val="synthesis"/>
        <Attr Name="UsedIn" Val="implementation"/>
      </FileInfo>
    </File>
    <Config>
      <Option Name="ConstrsType" Val="XDC"/>
    </Config>
  </FileSet>
  <FileSet Name="utils" Type="Utils" RelSrcDir="$PSRCDIR/utils_1">
    <Filter Type="Utils"/>
    <Config>
      <Option Name="TopAutoSet" Val="TRUE"/>
    </Config>
  </FileSet>
  <Strategy Version="1" Minor="2">
    <StratHandle Name="Vivado Implementation Defaults" Flow="Vivado Implementation 2019"/>
    <Step Id="init_design"/>
    <Step Id="opt_design"/>
    <Step Id="power_opt_design"/>
    <Step Id="place_design"/>
    <Step Id="post_place_power_opt_design"/>
    <Step Id="phys_opt_design"/>
    <Step Id="route_design"/>
    <Step Id="post_route_phys_opt_design"/>
    <Step Id="write_bitstream"/>
  </Strategy>
</GenRun>
