<?xml version="1.0" encoding="UTF-8"?>
<GenRun Id="impl_1" LaunchPart="xc7a100tcsg324-1" LaunchTime="1606393781">
  <File Type="BITSTR-BMM" Name="l72_bd.bmm"/>
  <File Type="OPT-METHODOLOGY-DRC" Name="l72_methodology_drc_opted.rpt"/>
  <File Type="INIT-TIMING" Name="l72_timing_summary_init.rpt"/>
  <File Type="ROUTE-PWR" Name="l72_power_routed.rpt"/>
  <File Type="PA-TCL" Name="l72.tcl"/>
  <File Type="OPT-TIMING" Name="l72_timing_summary_opted.rpt"/>
  <File Type="OPT-DCP" Name="l72_opt.dcp"/>
  <File Type="ROUTE-PWR-SUM" Name="l72_power_summary_routed.pb"/>
  <File Type="REPORTS-TCL" Name="l72_reports.tcl"/>
  <File Type="OPT-DRC" Name="l72_drc_opted.rpt"/>
  <File Type="OPT-HWDEF" Name="l72.hwdef"/>
  <File Type="PWROPT-DCP" Name="l72_pwropt.dcp"/>
  <File Type="PWROPT-DRC" Name="l72_drc_pwropted.rpt"/>
  <File Type="PWROPT-TIMING" Name="l72_timing_summary_pwropted.rpt"/>
  <File Type="PLACE-DCP" Name="l72_placed.dcp"/>
  <File Type="PLACE-IO" Name="l72_io_placed.rpt"/>
  <File Type="PLACE-CLK" Name="l72_clock_utilization_placed.rpt"/>
  <File Type="PLACE-UTIL" Name="l72_utilization_placed.rpt"/>
  <File Type="PLACE-UTIL-PB" Name="l72_utilization_placed.pb"/>
  <File Type="PLACE-CTRL" Name="l72_control_sets_placed.rpt"/>
  <File Type="PLACE-SIMILARITY" Name="l72_incremental_reuse_placed.rpt"/>
  <File Type="PLACE-PRE-SIMILARITY" Name="l72_incremental_reuse_pre_placed.rpt"/>
  <File Type="BG-BGN" Name="l72.bgn"/>
  <File Type="PLACE-TIMING" Name="l72_timing_summary_placed.rpt"/>
  <File Type="POSTPLACE-PWROPT-DCP" Name="l72_postplace_pwropt.dcp"/>
  <File Type="BG-BIN" Name="l72.bin"/>
  <File Type="POSTPLACE-PWROPT-TIMING" Name="l72_timing_summary_postplace_pwropted.rpt"/>
  <File Type="PHYSOPT-DCP" Name="l72_physopt.dcp"/>
  <File Type="PHYSOPT-DRC" Name="l72_drc_physopted.rpt"/>
  <File Type="BITSTR-MSK" Name="l72.msk"/>
  <File Type="PHYSOPT-TIMING" Name="l72_timing_summary_physopted.rpt"/>
  <File Type="ROUTE-ERROR-DCP" Name="l72_routed_error.dcp"/>
  <File Type="ROUTE-DCP" Name="l72_routed.dcp"/>
  <File Type="ROUTE-BLACKBOX-DCP" Name="l72_routed_bb.dcp"/>
  <File Type="ROUTE-DRC" Name="l72_drc_routed.rpt"/>
  <File Type="ROUTE-DRC-PB" Name="l72_drc_routed.pb"/>
  <File Type="BITSTR-LTX" Name="debug_nets.ltx"/>
  <File Type="BITSTR-LTX" Name="l72.ltx"/>
  <File Type="ROUTE-DRC-RPX" Name="l72_drc_routed.rpx"/>
  <File Type="BITSTR-MMI" Name="l72.mmi"/>
  <File Type="ROUTE-METHODOLOGY-DRC" Name="l72_methodology_drc_routed.rpt"/>
  <File Type="ROUTE-METHODOLOGY-DRC-RPX" Name="l72_methodology_drc_routed.rpx"/>
  <File Type="BITSTR-SYSDEF" Name="l72.sysdef"/>
  <File Type="ROUTE-METHODOLOGY-DRC-PB" Name="l72_methodology_drc_routed.pb"/>
  <File Type="ROUTE-PWR-RPX" Name="l72_power_routed.rpx"/>
  <File Type="ROUTE-STATUS" Name="l72_route_status.rpt"/>
  <File Type="ROUTE-STATUS-PB" Name="l72_route_status.pb"/>
  <File Type="ROUTE-TIMINGSUMMARY" Name="l72_timing_summary_routed.rpt"/>
  <File Type="ROUTE-TIMING-PB" Name="l72_timing_summary_routed.pb"/>
  <File Type="ROUTE-TIMING-RPX" Name="l72_timing_summary_routed.rpx"/>
  <File Type="ROUTE-SIMILARITY" Name="l72_incremental_reuse_routed.rpt"/>
  <File Type="ROUTE-CLK" Name="l72_clock_utilization_routed.rpt"/>
  <File Type="ROUTE-BUS-SKEW" Name="l72_bus_skew_routed.rpt"/>
  <File Type="ROUTE-BUS-SKEW-PB" Name="l72_bus_skew_routed.pb"/>
  <File Type="ROUTE-BUS-SKEW-RPX" Name="l72_bus_skew_routed.rpx"/>
  <File Type="POSTROUTE-PHYSOPT-DCP" Name="l72_postroute_physopt.dcp"/>
  <File Type="POSTROUTE-PHYSOPT-BLACKBOX-DCP" Name="l72_postroute_physopt_bb.dcp"/>
  <File Type="POSTROUTE-PHYSOPT-TIMING" Name="l72_timing_summary_postroute_physopted.rpt"/>
  <File Type="POSTROUTE-PHYSOPT-TIMING-PB" Name="l72_timing_summary_postroute_physopted.pb"/>
  <File Type="POSTROUTE-PHYSOPT-TIMING-RPX" Name="l72_timing_summary_postroute_physopted.rpx"/>
  <File Type="POSTROUTE-PHYSOPT-BUS-SKEW" Name="l72_bus_skew_postroute_physopted.rpt"/>
  <File Type="POSTROUTE-PHYSOPT-BUS-SKEW-PB" Name="l72_bus_skew_postroute_physopted.pb"/>
  <File Type="BG-BIT" Name="l72.bit"/>
  <File Type="POSTROUTE-PHYSOPT-BUS-SKEW-RPX" Name="l72_bus_skew_postroute_physopted.rpx"/>
  <File Type="BITSTR-RBT" Name="l72.rbt"/>
  <File Type="BITSTR-NKY" Name="l72.nky"/>
  <File Type="BG-DRC" Name="l72.drc"/>
  <File Type="RDI-RDI" Name="l72.vdi"/>
  <File Type="WBT-USG" Name="usage_statistics_webtalk.html"/>
  <FileSet Name="sources" Type="DesignSrcs" RelSrcDir="$PSRCDIR/sources_1">
    <Filter Type="Srcs"/>
    <File Path="$PSRCDIR/sources_1/new/l72.v">
      <FileInfo>
        <Attr Name="UsedIn" Val="synthesis"/>
        <Attr Name="UsedIn" Val="implementation"/>
        <Attr Name="UsedIn" Val="simulation"/>
      </FileInfo>
    </File>
    <Config>
      <Option Name="DesignMode" Val="RTL"/>
      <Option Name="TopModule" Val="l72"/>
      <Option Name="TopAutoSet" Val="TRUE"/>
    </Config>
  </FileSet>
  <FileSet Name="constrs_in" Type="Constrs" RelSrcDir="$PSRCDIR/constrs_1">
    <Filter Type="Constrs"/>
    <File Path="$PSRCDIR/constrs_1/new/l72.xdc">
      <FileInfo>
        <Attr Name="UsedIn" Val="synthesis"/>
        <Attr Name="UsedIn" Val="implementation"/>
      </FileInfo>
    </File>
    <Config>
      <Option Name="ConstrsType" Val="XDC"/>
    </Config>
  </FileSet>
  <FileSet Name="utils" Type="Utils" RelSrcDir="$PSRCDIR/utils_1">
    <Filter Type="Utils"/>
    <Config>
      <Option Name="TopAutoSet" Val="TRUE"/>
    </Config>
  </FileSet>
  <Strategy Version="1" Minor="2">
    <StratHandle Name="Vivado Implementation Defaults" Flow="Vivado Implementation 2019">
      <Desc>Default settings for Implementation.</Desc>
    </StratHandle>
    <Step Id="init_design"/>
    <Step Id="opt_design"/>
    <Step Id="power_opt_design"/>
    <Step Id="place_design"/>
    <Step Id="post_place_power_opt_design"/>
    <Step Id="phys_opt_design"/>
    <Step Id="route_design"/>
    <Step Id="post_route_phys_opt_design"/>
    <Step Id="write_bitstream"/>
  </Strategy>
</GenRun>
