<?xml version="1.0" encoding="UTF-8"?>
<GenRun Id="impl_1" LaunchPart="xc7a100tcsg324-1" LaunchTime="1605845483">
  <File Type="BITSTR-BMM" Name="Lab63_bd.bmm"/>
  <File Type="OPT-METHODOLOGY-DRC" Name="Lab63_methodology_drc_opted.rpt"/>
  <File Type="INIT-TIMING" Name="Lab63_timing_summary_init.rpt"/>
  <File Type="ROUTE-PWR" Name="Lab63_power_routed.rpt"/>
  <File Type="PA-TCL" Name="Lab63.tcl"/>
  <File Type="OPT-TIMING" Name="Lab63_timing_summary_opted.rpt"/>
  <File Type="OPT-DCP" Name="Lab63_opt.dcp"/>
  <File Type="ROUTE-PWR-SUM" Name="Lab63_power_summary_routed.pb"/>
  <File Type="REPORTS-TCL" Name="Lab63_reports.tcl"/>
  <File Type="OPT-DRC" Name="Lab63_drc_opted.rpt"/>
  <File Type="OPT-HWDEF" Name="Lab63.hwdef"/>
  <File Type="PWROPT-DCP" Name="Lab63_pwropt.dcp"/>
  <File Type="PWROPT-DRC" Name="Lab63_drc_pwropted.rpt"/>
  <File Type="PWROPT-TIMING" Name="Lab63_timing_summary_pwropted.rpt"/>
  <File Type="PLACE-DCP" Name="Lab63_placed.dcp"/>
  <File Type="PLACE-IO" Name="Lab63_io_placed.rpt"/>
  <File Type="PLACE-CLK" Name="Lab63_clock_utilization_placed.rpt"/>
  <File Type="PLACE-UTIL" Name="Lab63_utilization_placed.rpt"/>
  <File Type="PLACE-UTIL-PB" Name="Lab63_utilization_placed.pb"/>
  <File Type="PLACE-CTRL" Name="Lab63_control_sets_placed.rpt"/>
  <File Type="PLACE-SIMILARITY" Name="Lab63_incremental_reuse_placed.rpt"/>
  <File Type="PLACE-PRE-SIMILARITY" Name="Lab63_incremental_reuse_pre_placed.rpt"/>
  <File Type="BG-BGN" Name="Lab63.bgn"/>
  <File Type="PLACE-TIMING" Name="Lab63_timing_summary_placed.rpt"/>
  <File Type="POSTPLACE-PWROPT-DCP" Name="Lab63_postplace_pwropt.dcp"/>
  <File Type="BG-BIN" Name="Lab63.bin"/>
  <File Type="POSTPLACE-PWROPT-TIMING" Name="Lab63_timing_summary_postplace_pwropted.rpt"/>
  <File Type="PHYSOPT-DCP" Name="Lab63_physopt.dcp"/>
  <File Type="PHYSOPT-DRC" Name="Lab63_drc_physopted.rpt"/>
  <File Type="BITSTR-MSK" Name="Lab63.msk"/>
  <File Type="PHYSOPT-TIMING" Name="Lab63_timing_summary_physopted.rpt"/>
  <File Type="ROUTE-ERROR-DCP" Name="Lab63_routed_error.dcp"/>
  <File Type="ROUTE-DCP" Name="Lab63_routed.dcp"/>
  <File Type="ROUTE-BLACKBOX-DCP" Name="Lab63_routed_bb.dcp"/>
  <File Type="ROUTE-DRC" Name="Lab63_drc_routed.rpt"/>
  <File Type="ROUTE-DRC-PB" Name="Lab63_drc_routed.pb"/>
  <File Type="BITSTR-LTX" Name="debug_nets.ltx"/>
  <File Type="BITSTR-LTX" Name="Lab63.ltx"/>
  <File Type="ROUTE-DRC-RPX" Name="Lab63_drc_routed.rpx"/>
  <File Type="BITSTR-MMI" Name="Lab63.mmi"/>
  <File Type="ROUTE-METHODOLOGY-DRC" Name="Lab63_methodology_drc_routed.rpt"/>
  <File Type="ROUTE-METHODOLOGY-DRC-RPX" Name="Lab63_methodology_drc_routed.rpx"/>
  <File Type="BITSTR-SYSDEF" Name="Lab63.sysdef"/>
  <File Type="ROUTE-METHODOLOGY-DRC-PB" Name="Lab63_methodology_drc_routed.pb"/>
  <File Type="ROUTE-PWR-RPX" Name="Lab63_power_routed.rpx"/>
  <File Type="ROUTE-STATUS" Name="Lab63_route_status.rpt"/>
  <File Type="ROUTE-STATUS-PB" Name="Lab63_route_status.pb"/>
  <File Type="ROUTE-TIMINGSUMMARY" Name="Lab63_timing_summary_routed.rpt"/>
  <File Type="ROUTE-TIMING-PB" Name="Lab63_timing_summary_routed.pb"/>
  <File Type="ROUTE-TIMING-RPX" Name="Lab63_timing_summary_routed.rpx"/>
  <File Type="ROUTE-SIMILARITY" Name="Lab63_incremental_reuse_routed.rpt"/>
  <File Type="ROUTE-CLK" Name="Lab63_clock_utilization_routed.rpt"/>
  <File Type="ROUTE-BUS-SKEW" Name="Lab63_bus_skew_routed.rpt"/>
  <File Type="ROUTE-BUS-SKEW-PB" Name="Lab63_bus_skew_routed.pb"/>
  <File Type="ROUTE-BUS-SKEW-RPX" Name="Lab63_bus_skew_routed.rpx"/>
  <File Type="POSTROUTE-PHYSOPT-DCP" Name="Lab63_postroute_physopt.dcp"/>
  <File Type="POSTROUTE-PHYSOPT-BLACKBOX-DCP" Name="Lab63_postroute_physopt_bb.dcp"/>
  <File Type="POSTROUTE-PHYSOPT-TIMING" Name="Lab63_timing_summary_postroute_physopted.rpt"/>
  <File Type="POSTROUTE-PHYSOPT-TIMING-PB" Name="Lab63_timing_summary_postroute_physopted.pb"/>
  <File Type="POSTROUTE-PHYSOPT-TIMING-RPX" Name="Lab63_timing_summary_postroute_physopted.rpx"/>
  <File Type="POSTROUTE-PHYSOPT-BUS-SKEW" Name="Lab63_bus_skew_postroute_physopted.rpt"/>
  <File Type="POSTROUTE-PHYSOPT-BUS-SKEW-PB" Name="Lab63_bus_skew_postroute_physopted.pb"/>
  <File Type="BG-BIT" Name="Lab63.bit"/>
  <File Type="POSTROUTE-PHYSOPT-BUS-SKEW-RPX" Name="Lab63_bus_skew_postroute_physopted.rpx"/>
  <File Type="BITSTR-RBT" Name="Lab63.rbt"/>
  <File Type="BITSTR-NKY" Name="Lab63.nky"/>
  <File Type="BG-DRC" Name="Lab63.drc"/>
  <File Type="RDI-RDI" Name="Lab63.vdi"/>
  <File Type="WBT-USG" Name="usage_statistics_webtalk.html"/>
  <FileSet Name="sources" Type="DesignSrcs" RelSrcDir="$PSRCDIR/sources_1">
    <Filter Type="Srcs"/>
    <File Path="$PSRCDIR/sources_1/new/Lab63.v">
      <FileInfo>
        <Attr Name="UsedIn" Val="synthesis"/>
        <Attr Name="UsedIn" Val="implementation"/>
        <Attr Name="UsedIn" Val="simulation"/>
      </FileInfo>
    </File>
    <Config>
      <Option Name="DesignMode" Val="RTL"/>
      <Option Name="TopModule" Val="Lab63"/>
      <Option Name="TopAutoSet" Val="TRUE"/>
    </Config>
  </FileSet>
  <FileSet Name="constrs_in" Type="Constrs" RelSrcDir="$PSRCDIR/constrs_1">
    <Filter Type="Constrs"/>
    <File Path="$PSRCDIR/constrs_1/new/Lab63.xdc">
      <FileInfo>
        <Attr Name="UsedIn" Val="synthesis"/>
        <Attr Name="UsedIn" Val="implementation"/>
      </FileInfo>
    </File>
    <Config>
      <Option Name="ConstrsType" Val="XDC"/>
    </Config>
  </FileSet>
  <FileSet Name="utils" Type="Utils" RelSrcDir="$PSRCDIR/utils_1">
    <Filter Type="Utils"/>
    <Config>
      <Option Name="TopAutoSet" Val="TRUE"/>
    </Config>
  </FileSet>
  <Strategy Version="1" Minor="2">
    <StratHandle Name="Vivado Implementation Defaults" Flow="Vivado Implementation 2019"/>
    <Step Id="init_design"/>
    <Step Id="opt_design"/>
    <Step Id="power_opt_design"/>
    <Step Id="place_design"/>
    <Step Id="post_place_power_opt_design"/>
    <Step Id="phys_opt_design"/>
    <Step Id="route_design"/>
    <Step Id="post_route_phys_opt_design"/>
    <Step Id="write_bitstream"/>
  </Strategy>
</GenRun>
